,docId,isValid,passage,passage_id,e1,e2
0,LLL.d0,True,"In vivo studies of the activity of four of the kinases, KinA, PROTEIN1, KinD (ykvD) and KinE (ykrQ), using abrB transcription as an indicator of Spo0A~P level, revealed that PROTEIN1 and KinD were responsible PROTEIN20A~P production during the exponential phase of growth in the absence of KinA and KinB.",LLL.d0.s0,KinC,Spo0A~P
1,LLL.d0,True,"In vivo studies of the activity of four of the kinases, KinA, KinC, PROTEIN1 (ykvD) and KinE (ykrQ), using abrB transcription as an indicator of Spo0A~P level, revealed that KinC and PROTEIN1 were responsible PROTEIN20A~P production during the exponential phase of growth in the absence of KinA and KinB.",LLL.d0.s0,KinD,Spo0A~P
2,LLL.d0,False,"In vivo studies of the activity of four of the kinases, KinA, PROTEIN1, KinD (ykvD) PROTEIN2KinE (ykrQ), using abrB transcription as an indicator of Spo0A~P level, revealed that PROTEIN1 PROTEIN2KinD were responsible for Spo0A~P production during the exponential phase of growth in the absence of KinA PROTEIN2KinB.",LLL.d0.s0,KinC,KinD
3,LLL.d1,True,"In this mutant, expression of the PROTEIN2 gene, whose transcription depends on both PROTEIN1 and the phosphorylated Spo0A protein, Spo0A~P, a major transcription factor during early stages of sporulation, was greatly reduced at 43 degrees C.",LLL.d1.s0,sigma(A),spoIIG
4,LLL.d1,True,"In this mutant, expression of the PROTEIN2 gene, whose transcription depends on both sigma(A) and the phosphorylated PROTEIN1 protein, PROTEIN1~P, a major transcription factor during early stages of sporulation, was greatly reduced at 43 degrees C.",LLL.d1.s0,Spo0A,spoIIG
5,LLL.d1,False,"In this mutant, expression of the spoIIG gene, whose transcription depends on both PROTEIN1 and the phosphorylated PROTEIN2 protein, PROTEIN2~P, a major transcription factor during early stages of sporulation, was greatly reduced at 43 degrees C.",LLL.d1.s0,sigma(A),Spo0A
6,LLL.d2,True,"Transcription of PROTEIN2 was dependent on PROTEIN1, and the mRNA was detectable from 2 h after the cessation of logarithmic growth (T2 of sporulation).",LLL.d2.s0,SigE,ydhD
7,LLL.d2,True,PROTEIN2 was transcribed by PROTEIN1 RNA polymerase from T4 of sporulation.,LLL.d2.s1,SigK,ykuD
8,LLL.d2,True,"Both PROTEIN1 and GerE were essential for PROTEIN2 expression, and this gene was transcribed from T5 of sporulation.",LLL.d2.s2,SigK,ykvP
9,LLL.d2,True,"Both SigK and PROTEIN1 were essential for PROTEIN2 expression, and this gene was transcribed from T5 of sporulation.",LLL.d2.s2,GerE,ykvP
10,LLL.d2,False,"Both PROTEIN1 and PROTEIN2 were essential for ykvP expression, and this gene was transcribed from T5 of sporulation.",LLL.d2.s2,SigK,GerE
11,LLL.d3,True,"Analysis of the expression of a translational PROTEIN2-lacZ fusion showed that PROTEIN2 expression is sporulation-specific, and is controlled predominantly by the forespore-specific sigma facPROTEIN1a(F), and to a lesser extent by sigma(G).",LLL.d3.s0,sigma(F),ywhE
12,LLL.d3,True,"Analysis of the expression of a translational PROTEIN2-lacZ fusion showed that PROTEIN2 expression is sporulation-specific, and is controlled predominantly by the forespore-specific sigma factor sigma(F), and to a lesser extentPROTEIN1a(G).",LLL.d3.s0,sigma(G),ywhE
13,LLL.d3,False,"Analysis of the expression of a translational ywhE-lacZ fusion showed that ywhE expression is sporulation-specific, and is controlled predominantly by the forespore-specific sigma factor PROTEIN1, and to a lesser extent by PROTEIN2.",LLL.d3.s0,sigma(F),sigma(G)
14,LLL.d4,True,"Secondly, PROTEIN1 is essential for the activation of the first compartment-specific transcription factor PROTEIN2 in the prespore.",LLL.d4.s0,SpoIIE,sigma(F)
15,LLL.d4,True,Localization of PROTEIN2 was shown to be dependent on the essential cell division protein PROTEIN1.,LLL.d4.s1,FtsZ,SpoIIE
16,LLL.d5,True,"In the shaA mutant, PROTEIN1-dependent expression of PROTEIN2 and spoVG at an early stage of sporulation was sensitive to external NaCl.",LLL.d5.s0,sigma(H),spo0A
17,LLL.d5,True,"In the shaA mutant, PROTEIN1-dependent expression of spo0A and PROTEIN2 at an early stage of sporulation was sensitive to external NaCl.",LLL.d5.s0,sigma(H),spoVG
18,LLL.d5,False,"In the shaA mutant, sigma(H)-dependent expression of PROTEIN1 and PROTEIN2 at an early stage of sporulation was sensitive to external NaCl.",LLL.d5.s0,spo0A,spoVG
19,LLL.d6,True,The expression of PROTEIN2 is under the control of both PROTEIN1 and sigma(G).,LLL.d6.s0,sigma(F),rsfA
20,LLL.d6,True,The expression of PROTEIN2 is under the control of both sigma(F) and PROTEIN1.,LLL.d6.s0,sigma(G),rsfA
21,LLL.d6,False,The expression of rsfA is under the control of both PROTEIN1 and PROTEIN2.,LLL.d6.s0,sigma(F),sigma(G)
22,LLL.d7,True,Expression of the PROTEIN1-dependent PROTEIN2 gene depended on gerE.,LLL.d7.s0,sigma(K),cwlH
23,LLL.d7,True,Expression of the sigma(K)-dependent PROTEIN2 gene depended on PROTEIN1.,LLL.d7.s0,gerE,cwlH
24,LLL.d7,False,Expression of the PROTEIN1-dependent cwlH gene depended on PROTEIN2.,LLL.d7.s0,sigma(K),gerE
25,LLL.d8,True,"Our results indicate that the level of PROTEIN2 level in outgrowing spores depends mainly on PROTEIN1, because sigB mutants show normal PROTEIN2 activity in dormant and outgrowing spores.",LLL.d8.s0,EsigmaF,KatX
26,LLL.d8,True,"Therefore, the physiological role of PROTEIN1-dependent PROTEIN2 expression remains obscure.",LLL.d8.s1,sigmaB,katX
27,LLL.d8,True,"The -10 and -35 sequences of the PROTEIN1- and sigmaF-dependent promoters of PROTEIN2 overlap, and the transcriptional start points used by EPROTEIN1 and EsigmaF differ by only one nucleotide.",LLL.d8.s2,sigmaB,katX
28,LLL.d8,True,"The -10 and -35 sequences of the sigmaB- and PROTEIN1-dependent promoters of PROTEIN2 overlap, and the transcriptional start points used by EsigmaB and EPROTEIN1 differ by only one nucleotide.",LLL.d8.s2,sigmaF,katX
29,LLL.d8,False,"The -10 and -35 sequences of the PROTEIN1- and PROTEIN2-dependent promoters of katX overlap, and the transcriptional start points used by EPROTEIN1 and EPROTEIN2 differ by only one nucleotide.",LLL.d8.s2,sigmaB,sigmaF
30,LLL.d8,True,"We demonstrated that PROTEIN2 is also a PROTEIN1-dependent general stress gene, since it is strongly induced by heat, salt and ethanol stress, as well as by energy depletion.",LLL.d8.s3,sigmaB,katX
31,LLL.d9,True,"Taken together, the results support the idea that sequestration of PROTEIN1 protein into the prespore plays an important role in the control of PROTEIN2 activation and in coupling this activation to septation.",LLL.d9.s0,SpoIIE,sigmaF
32,LLL.d9,True,"PROTEIN2 is controlled by a regulatory cascade involving an anti-sigma factor, PROTEIN1, an anti-anti-sigma factor, SpoIIAA, and a membrane-bound phosphatase, SpoIIE, which converts the inactive, phosphorylated form of SpoIIAA back to the active form.",LLL.d9.s1,SpoIIAB,sigmaF
33,LLL.d9,True,"PROTEIN2 is controlled by a regulatory cascade involving an anti-sigma factor, SpoIIAB, an anti-anti-sigma factor, PROTEIN1, and a membrane-bound phosphatase, SpoIIE, which converts the inactive, phosphorylated form of PROTEIN1 back to the active form.",LLL.d9.s1,SpoIIAA,sigmaF
34,LLL.d9,True,"PROTEIN2 is controlled by a regulatory cascade involving an anti-sigma factor, SpoIIAB, an anti-anti-sigma factor, SpoIIAA, and a membrane-bound phosphatase, PROTEIN1, which converts the inactive, phosphorylated form of SpoIIAA back to the active form.",LLL.d9.s1,SpoIIE,sigmaF
35,LLL.d9,True,"sigmaF is controlled by a regulatory cascade involving an anti-sigma factor, SpoIIAB, an anti-anti-sigma factor, PROTEIN2, and a membrane-bound phosphatase, PROTEIN1, which converts the inactive, phosphorylated form of PROTEIN2 back to the active form.",LLL.d9.s1,SpoIIE,SpoIIAA
36,LLL.d9,False,"sigmaF is controlled by a regulatory cascade involving an anti-sigma factor, PROTEIN1, an anti-anti-sigma factor, PROTEIN2, and a membrane-bound phosphatase, SpoIIE, which converts the inactive, phosphorylated form of PROTEIN2 back to the active form.",LLL.d9.s1,SpoIIAB,SpoIIAA
37,LLL.d9,False,"sigmaF is controlled by a regulatory cascade involving an anti-sigma factor, PROTEIN1, an anti-anti-sigma factor, SpoIIAA, and a membrane-bound phosphatase, PROTEIN2, which converts the inactive, phosphorylated form of SpoIIAA back to the active form.",LLL.d9.s1,SpoIIAB,SpoIIE
38,LLL.d9,False,"sigmaF is controlled by a regulatory cascade involving an anti-sigma factor, PROTEIN1, an anti-anti-sigma factor, PROTEIN2, and a membrane-bound phosphatase, SpoIIE, which converts the inactive, phosphorylated form of PROTEIN2 back to the active form.",LLL.d9.s1,SpoIIAB,SpoIIAA
39,LLL.d9,False,"sigmaF is controlled by a regulatory cascade involving an anti-sigma factor, SpoIIAB, an anti-anti-sigma factor, PROTEIN1, and a membrane-bound phosphatase, PROTEIN2, which converts the inactive, phosphorylated form of PROTEIN1 back to the active form.",LLL.d9.s1,SpoIIAA,SpoIIE
40,LLL.d9,False,"sigmaF is controlled by a regulatory cascade involving an anti-sigma factor, SpoIIAB, an anti-anti-sigma factor, PROTEIN21, and a membrane-bound phosphatase, SpoIIE, which converts the inactive, phosphorylated form of PROTEIN21 back to the active form.",LLL.d9.s1,SpoIIAA,SpoIIAA
41,LLL.d9,False,"PROTEIN1 is controlled by a regulatory cascade involving an anti-sigma factor, SpoIIAB, an anti-anti-sigma factor, PROTEIN2, and a membrane-bound phosphatase, SpoIIE, which converts the inactive, phosphorylated form of PROTEIN2 back to the active form.",LLL.d9.s1,sigmaF,SpoIIAA
42,LLL.d10,True,"The PROTEIN2 gene of Bacillus subtilis, encoding a catabolic glutamate dehydrogenase, is transcribed by PROTEIN1-containing RNA polymerase and requires for its expression RocR, a member of the NtrC/NifA family of proteins that bind to enhancer-like elements, called upstream activating sequences (UAS).",LLL.d10.s0,SigL,rocG
43,LLL.d10,True,"The PROTEIN2 gene of Bacillus subtilis, encoding a catabolic glutamate dehydrogenase, is transcribed by SigL-containing RNA polymerase and requires for its expression PROTEIN1, a member of the NtrC/NifA family of proteins that bind to enhancer-like elements, called upstream activating sequences (UAS).",LLL.d10.s0,RocR,rocG
44,LLL.d10,False,"The rocG gene of Bacillus subtilis, encoding a catabolic glutamate dehydrogenase, is transcribed by PROTEIN1-containing RNA polymerase and requires for its expression PROTEIN2, a member of the NtrC/NifA family of proteins that bind to enhancer-like elements, called upstream activating sequences (UAS).",LLL.d10.s0,SigL,RocR
45,LLL.d10,True,"Unlike the case for other PROTEIN1-dependent genes, PROTEIN2 has no UAS; instead, its expression depends on a sequence located 1.5 kilobases downstream of the PROTEIN2 promoter, beyond the end of the PROTEIN2 coding region.",LLL.d10.s1,sigma(54),rocG
46,LLL.d12,True,Northern blot and primer extension analyses indicated that PROTEIN2 is transcribed by PROTEIN1 during sporulation.,LLL.d12.s0,E sigma E,yfhS
47,LLL.d12,True,"These results suggest that PROTEIN1 may act as a negative regulator for the transcription of PROTEIN2, yfhR, sspE and yfhP.",LLL.d12.s1,YfhP,yfhQ
48,LLL.d12,True,"These results suggest that PROTEIN1 may act as a negative regulator for the transcription of yfhQ, PROTEIN2, sspE and yfhP.",LLL.d12.s1,YfhP,yfhR
49,LLL.d12,True,"These results suggest that PROTEIN1 may act as a negative regulator for the transcription of yfhQ, yfhR, PROTEIN2 and yfhP.",LLL.d12.s1,YfhP,sspE
50,LLL.d12,True,"These results suggest that PROTEIN1 may act as a negative regulator for the transcription of yfhQ, yfhR, sspE and PROTEIN2.",LLL.d12.s1,YfhP,yfhP
51,LLL.d12,False,"These results suggest that YfhP may act as a negative regulator for the transcription of PROTEIN1, PROTEIN2, sspE and yfhP.",LLL.d12.s1,yfhQ,yfhR
52,LLL.d12,False,"These results suggest that YfhP may act as a negative regulator for the transcription of PROTEIN1, yfhR, PROTEIN2 and yfhP.",LLL.d12.s1,yfhQ,sspE
53,LLL.d12,False,"These results suggest that YfhP may act as a negative regulator for the transcription of PROTEIN1, yfhR, sspE and PROTEIN2.",LLL.d12.s1,yfhQ,yfhP
54,LLL.d12,False,"These results suggest that YfhP may act as a negative regulator for the transcription of yfhQ, PROTEIN1, PROTEIN2 and yfhP.",LLL.d12.s1,yfhR,sspE
55,LLL.d12,False,"These results suggest that YfhP may act as a negative regulator for the transcription of yfhQ, PROTEIN1, sspE and PROTEIN2.",LLL.d12.s1,yfhR,yfhP
56,LLL.d12,False,"These results suggest that YfhP may act as a negative regulator for the transcription of yfhQ, yfhR, PROTEIN1 and PROTEIN2.",LLL.d12.s1,sspE,yfhP
57,LLL.d14,True,"The first stage, which involves the phosphatase functionPROTEIN2oIIE, depends on the cell division protein PROTEIN1 and could correspond to the PROTEIN1-dependent assemblyPROTEIN2oIIE into E-rings.",LLL.d14.s0,FtsZ,SpoIIE
58,LLL.d14,True,"The first stage, which involves the phosphatase functionPROTEIN2oIIE, depends on the cell division protein PROTEIN1 and could correspond to the PROTEIN1-dependent assemblyPROTEIN2oIIE into E-rings.",LLL.d14.s0,FtsZ,SpoIIE
59,LLL.d14,False,"The first stage, which involves the phosphatase function of SpoIIE, depends on the cell division protein PROTEIN2EIN1 and could correspond to the PROTEIN2EIN1-dependent assembly of SpoIIE into E-rings.",LLL.d14.s0,FtsZ,FtsZ
60,LLL.d14,False,"The first stage, which involves the phosphatase functionPROTEIN2oIIE, depends on the cell division protein PROTEIN1 and could correspond to the PROTEIN1-dependent assemblyPROTEIN2oIIE into E-rings.",LLL.d14.s0,FtsZ,SpoIIE
61,LLL.d14,False,"The first stage, which involves the phosphatase functionPROTEIN2oIIE, depends on the cell division protein PROTEIN1 and could correspond to the PROTEIN1-dependent assemblyPROTEIN2oIIE into E-rings.",LLL.d14.s0,FtsZ,SpoIIE
62,LLL.d14,False,"The first stage, which involves the phosphatase function of PROTEIN2N1, depends on the cell division protein FtsZ and could correspond to the FtsZ-dependent assembly of PROTEIN2N1 into E-rings.",LLL.d14.s0,SpoIIE,SpoIIE
63,LLL.d14,True,Evidence based on the use of modified and mutant forms of the phosphatase protein indicates that PROTEIN1 blocks the capacity of unphosphorylated PROTEIN2 to activate sigmaF until formation of the polar septum is completed.,LLL.d14.s1,SpoIIE,SpoIIAA
64,LLL.d14,True,Evidence based on the use of modified and mutant forms of the phosphatase protein indicates that SpoIIE blocks the capacity of unphosphorylated PROTEIN1 to activate PROTEIN2 until formation of the polar septum is completed.,LLL.d14.s1,SpoIIAA,sigmaF
65,LLL.d14,False,Evidence based on the use of modified and mutant forms of the phosphatase protein indicates that PROTEIN1 blocks the capacity of unphosphorylated SpoIIAA to activate PROTEIN2 until formation of the polar septum is completed.,LLL.d14.s1,SpoIIE,sigmaF
66,LLL.d14,True,Cell-specific activation of transcription factor PROTEIN2 during sporulation in Bacillus subtilis requires the formation of the polar septum and the activity of a serine phosphatase (PROTEIN1) located in the septum.,LLL.d14.s2,SpoIIE,sigmaF
67,LLL.d14,True,The PROTEIN1 phosphatase indirectly activates sigmaF by dephosphorylating a protein (PROTEIN2) in the pathway that controls the activity of the transcription factor.,LLL.d14.s3,SpoIIE,SpoIIAA-P
68,LLL.d14,True,The PROTEIN1 phosphatase indirectly activates PROTEIN2 by dephosphorylating a protein (SpoIIAA-P) in the pathway that controls the activity of the transcription factor.,LLL.d14.s3,SpoIIE,sigmaF
69,LLL.d14,True,The SpoIIE phosphatase indirectly activates PROTEIN2 by dephosphorylating a protein (PROTEIN1) in the pathway that controls the activity of the transcription factor.,LLL.d14.s3,SpoIIAA-P,sigmaF
70,LLL.d15,True,Dephosphorylation of PROTEIN2 by PROTEIN1 is strictly dependent on the presence of the bivalent metal ions Mn2+ or Mg2+.,LLL.d15.s0,SpoIIE,SpoIIAA-P
71,LLL.d16,True,(i) The finding that the PROTEIN2 operon is under PROTEIN1 control indicates that the elimination of multidrug compounds might be a new function in multiple stress resistance.,LLL.d16.s0,sigmaB,bmrUR
72,LLL.d16,True,"The PROTEIN2 gene might belong to the increasing number of PROTEIN1-dependent genes whose orthologues are under the control of sigmas in Escherichia coli, indicating that both regulons may fulfil similar functions.",LLL.d16.s1,sigmaB,ydaP
73,LLL.d16,True,"Three new PROTEIN1-dependent genes (PROTEIN2, ydaG and yfkM) encoding proteins with still unknown functions were also described.",LLL.d16.s2,sigmaB,ydaE
74,LLL.d16,True,"Three new PROTEIN1-dependent genes (ydaE, PROTEIN2 and yfkM) encoding proteins with still unknown functions were also described.",LLL.d16.s2,sigmaB,ydaG
75,LLL.d16,True,"Three new PROTEIN1-dependent genes (ydaE, ydaG and PROTEIN2) encoding proteins with still unknown functions were also described.",LLL.d16.s2,sigmaB,yfkM
76,LLL.d16,False,"Three new sigmaB-dependent genes (PROTEIN1, PROTEIN2 and yfkM) encoding proteins with still unknown functions were also described.",LLL.d16.s2,ydaE,ydaG
77,LLL.d16,False,"Three new sigmaB-dependent genes (PROTEIN1, ydaG and PROTEIN2) encoding proteins with still unknown functions were also described.",LLL.d16.s2,ydaE,yfkM
78,LLL.d16,False,"Three new sigmaB-dependent genes (ydaE, PROTEIN1 and PROTEIN2) encoding proteins with still unknown functions were also described.",LLL.d16.s2,ydaG,yfkM
79,LLL.d17,True,"Cell specificity is first established in the forespore under the control of the PROTEIN2 factor, which is itself activated through the action of the PROTEIN1 serine phosphatase, an enzyme targeted to the septum between the two cells.",LLL.d17.s0,SpoIIE,sigma F
80,LLL.d18,True,"Most PROTEIN2 genes, and the gerE gene, are transcribed by PROTEIN1 RNA polymerase.",LLL.d18.s0,sigmaK,cot
81,LLL.d18,True,"Most cot genes, and the PROTEIN2 gene, are transcribed by PROTEIN1 RNA polymerase.",LLL.d18.s0,sigmaK,gerE
82,LLL.d18,False,"Most PROTEIN1 genes, and the PROTEIN2 gene, are transcribed by sigmaK RNA polymerase.",LLL.d18.s0,cot,gerE
83,LLL.d18,True,"Previously, it was shown that the PROTEIN1 protein inhibits transcription in vitro of the PROTEIN2 gene encoding sigmaK.",LLL.d18.s1,GerE,sigK
84,LLL.d18,True,These results demonstrate that PROTEIN1-dependent transcription of PROTEIN2 initiates a negative feedback loop in which GerE acts as a repressor to limit production of PROTEIN1.,LLL.d18.s2,sigmaK,gerE
85,LLL.d18,True,These results demonstrate that PROTEIN2-dependent transcription of gerE initiates a negative feedback loop in which PROTEIN1 acts as a repressor to limit production of PROTEIN2.,LLL.d18.s2,GerE,sigmaK
86,LLL.d18,False,These results demonstrate that PROTEIN1-dependent transcription of gerE initiates a negative feedback loop in which PROTEIN2 acts as a repressor to limit production of PROTEIN1.,LLL.d18.s2,sigmaK,GerE
87,LLL.d18,False,These results demonstrate that PROTEIN2N1-dependent transcription of gerE initiates a negative feedback loop in which GerE acts as a repressor to limit production of PROTEIN2N1.,LLL.d18.s2,sigmaK,sigmaK
88,LLL.d18,False,These results demonstrate that sigmaK-dependent transcription of PROTEIN2 initiates a negative feedback loop in which PROTEIN1 acts as a repressor to limit production of sigmaK.,LLL.d18.s2,GerE,gerE
89,LLL.d18,False,These results demonstrate that PROTEIN2-dependent transcription of PROTEIN1 initiates a negative feedback loop in which GerE acts as a repressor to limit production of PROTEIN2.,LLL.d18.s2,gerE,sigmaK
90,LLL.d18,True,"A low level of PROTEIN1 activated transcription of cotD by PROTEIN2 RNA polymerase in vitro, but a higher level of PROTEIN1 repressed cotD transcription.",LLL.d18.s3,GerE,sigmaK
91,LLL.d18,True,"A low level of PROTEIN1 activated transcription of cotD by sigmaK RNA polymerase in vitro, but a higher level of PROTEIN1 represPROTEIN2cotD transcription.",LLL.d18.s3,GerE,cotD
92,LLL.d18,True,"A low level of GerE activated transcription of PROTEIN2 by PROTEIN1 RNA polymerase in vitro, but a higher level of GerE repressed PROTEIN2 transcription.",LLL.d18.s3,sigmaK,cotD
93,LLL.d18,True,"A low level of PROTEIN1 activated transcription of cotD by sigmaK RNA polymerase in vitro, but a higher level of PROTEIN1 represPROTEIN2cotD transcription.",LLL.d18.s3,GerE,cotD
94,LLL.d18,False,"A low level of PROTEIN2EIN1 activated transcription of cotD by sigmaK RNA polymerase in vitro, but a higher level of PROTEIN2EIN1 repressed cotD transcription.",LLL.d18.s3,GerE,GerE
95,LLL.d18,False,"A low level of PROTEIN1 activated transcription of cotD by sigmaK RNA polymerase in vitro, but a higher level of PROTEIN1 represPROTEIN2cotD transcription.",LLL.d18.s3,GerE,cotD
96,LLL.d18,False,"A low level of PROTEIN2 activated transcription of cotD by PROTEIN1 RNA polymerase in vitro, but a higher level of PROTEIN2 repressed cotD transcription.",LLL.d18.s3,sigmaK,GerE
97,LLL.d18,False,"A low level of GerE activated transcription of PROTEIN2 by PROTEIN1 RNA polymerase in vitro, but a higher level of GerE repressed PROTEIN2 transcription.",LLL.d18.s3,sigmaK,cotD
98,LLL.d18,False,"A low level of PROTEIN1 activated transcription of cotD by sigmaK RNA polymerase in vitro, but a higher level of PROTEIN1 represPROTEIN2cotD transcription.",LLL.d18.s3,GerE,cotD
99,LLL.d18,False,"A low level of GerE activated transcription of PROTEIN2EIN1 by sigmaK RNA polymerase in vitro, but a higher level of GerE repressed PROTEIN2EIN1 transcription.",LLL.d18.s3,cotD,cotD
100,LLL.d18,True,"Here, we show that PROTEIN1 binds near the PROTEIN2 transcriptional start site, to act as a repressor.",LLL.d18.s4,GerE,sigK
101,LLL.d18,True,We show that PROTEIN1 binds to two sites that span the -35 region of the PROTEIN2 promoter.,LLL.d18.s5,GerE,cotD
102,LLL.d18,True,These results suggest that a rising level of PROTEIN1 in sporulating cells may first activate PROTEIN2 transcription from the upstream site then repress transcription as the downstream site becomes occupied.,LLL.d18.s6,GerE,cotD
103,LLL.d19,True,PROTEIN2 transcription also requires the DNA binding protein PROTEIN1.,LLL.d19.s0,GerE,sspG
104,LLL.d19,True,"In contrast, PROTEIN2 is transcribed in the forespore compartment by RNA polymerase with the forespore-specific PROTEIN1 and appears to give a monocistronic transcript.",LLL.d19.s1,sigmaG,sspJ
105,LLL.d20,True,"PROTEIN1 negatively controls the transcription of hag by stimulating the transcription of comF-flgM, thereby increasing the production of the PROTEIN2 antisigma factor that inhibits sigmaD activity.",LLL.d20.s0,ComK,FlgM
106,LLL.d20,True,"PROTEIN1 negatively controls the transcription of PROTEIN2 by stimulating the transcription of comF-flgM, thereby increasing the production of the FlgM antisigma factor that inhibits sigmaD activity.",LLL.d20.s0,ComK,hag
107,LLL.d20,True,"PROTEIN1 negatively controls the transcription of hag by stimulating the transcription of PROTEIN2-flgM, thereby increasing the production of the FlgM antisigma factor that inhibits sigmaD activity.",LLL.d20.s0,ComK,comF
108,LLL.d20,True,"PROTEIN1 negatively controls the transcription of hag by stimulating the transcription of comF-PROTEIN2, thereby increasing the production of the FlgM antisigma factor that inhibits sigmaD activity.",LLL.d20.s0,ComK,flgM
109,LLL.d20,True,"ComK negatively controls the transcription of hag by stimulating the transcription of comF-flgM, thereby increasing the production of the PROTEIN1 antisigma factor that inhibits PROTEIN2 activity.",LLL.d20.s0,FlgM,sigmaD
110,LLL.d20,False,"PROTEIN1 negatively controls the transcription of hag by stimulating the transcription of comF-flgM, thereby increasing the production of the FlgM antisigma factor that inhibits PROTEIN2 activity.",LLL.d20.s0,ComK,sigmaD
111,LLL.d20,False,"ComK negatively controls the transcription of PROTEIN2 by stimulating the transcription of comF-flgM, thereby increasing the production of the PROTEIN1 antisigma factor that inhibits sigmaD activity.",LLL.d20.s0,FlgM,hag
112,LLL.d20,False,"ComK negatively controls the transcription of hag by stimulating the transcription of PROTEIN2-flgM, thereby increasing the production of the PROTEIN1 antisigma factor that inhibits sigmaD activity.",LLL.d20.s0,FlgM,comF
113,LLL.d20,False,"ComK negatively controls the transcription of hag by stimulating the transcription of comF-PROTEIN2, thereby increasing the production of the PROTEIN1 antisigma factor that inhibits sigmaD activity.",LLL.d20.s0,FlgM,flgM
114,LLL.d20,False,"ComK negatively controls the transcription of PROTEIN1 by stimulating the transcription of PROTEIN2-flgM, thereby increasing the production of the FlgM antisigma factor that inhibits sigmaD activity.",LLL.d20.s0,hag,comF
115,LLL.d20,False,"ComK negatively controls the transcription of PROTEIN1 by stimulating the transcription of comF-PROTEIN2, thereby increasing the production of the FlgM antisigma factor that inhibits sigmaD activity.",LLL.d20.s0,hag,flgM
116,LLL.d20,False,"ComK negatively controls the transcription of PROTEIN1 by stimulating the transcription of comF-flgM, thereby increasing the production of the FlgM antisigma factor that inhibits PROTEIN2 activity.",LLL.d20.s0,hag,sigmaD
117,LLL.d20,False,"ComK negatively controls the transcription of hag by stimulating the transcription of PROTEIN1-PROTEIN2, thereby increasing the production of the FlgM antisigma factor that inhibits sigmaD activity.",LLL.d20.s0,comF,flgM
118,LLL.d20,False,"ComK negatively controls the transcription of hag by stimulating the transcription of PROTEIN1-flgM, thereby increasing the production of the FlgM antisigma factor that inhibits PROTEIN2 activity.",LLL.d20.s0,comF,sigmaD
119,LLL.d20,False,"ComK negatively controls the transcription of hag by stimulating the transcription of comF-PROTEIN1, thereby increasing the production of the FlgM antisigma factor that inhibits PROTEIN2 activity.",LLL.d20.s0,flgM,sigmaD
120,LLL.d21,True,"This stress-induced increase in PROTEIN2 expression is absolutely dependent on the alternative sigma factor PROTEIN1, which controls a large stationary-phase and stress regulon.",LLL.d21.s0,sigmaB,ykzA
121,LLL.d22,True,"PROTEIN1 also contributes to the expression of PROTEIN2, a putative membrane-bound glucosyl transferase that is partially controlled by the sigma B stress response sigma factor.",LLL.d22.s0,sigma X,CsbB
122,LLL.d22,True,"sigma X also contributes to the expression of PROTEIN2, a putative membrane-bound glucosyl transferase that is partially controlled by the PROTEIN1 stress response sigma factor.",LLL.d22.s0,sigma B,CsbB
123,LLL.d22,False,"PROTEIN1 also contributes to the expression of CsbB, a putative membrane-bound glucosyl transferase that is partially controlled by the PROTEIN2 stress response sigma factor.",LLL.d22.s0,sigma X,sigma B
124,LLL.d23,True,"Transcriptional studies showed that PROTEIN2 is strongly induced in response to heat, ethanol and salt stress or after starvation for glucose in a PROTEIN1-dependent manner.",LLL.d23.s0,sigma B,nadE
125,LLL.d24,True,"Furthermore, PROTEIN2 and YvyD seemed to be induced after phosphate starvation in the wild type in a PROTEIN1-dependent manner and in the sigB mutant probably via sigma(H).",LLL.d24.s0,sigma(B),YtxH
126,LLL.d24,True,"Furthermore, YtxH and PROTEIN2 seemed to be induced after phosphate starvation in the wild type in a PROTEIN1-dependent manner and in the sigB mutant probably via sigma(H).",LLL.d24.s0,sigma(B),YvyD
127,LLL.d24,True,"Furthermore, PROTEIN2 and YvyD seemed to be induced after phosphate starvation in the wild type in a sigma(B)-dependent manner and in the sigB mutant probably via PROTEIN1.",LLL.d24.s0,sigma(H),YtxH
128,LLL.d24,True,"Furthermore, YtxH and PROTEIN2 seemed to be induced after phosphate starvation in the wild type in a sigma(B)-dependent manner and in the sigB mutant probably via PROTEIN1.",LLL.d24.s0,sigma(H),YvyD
129,LLL.d24,False,"Furthermore, YtxH and YvyD seemed to be induced after phosphate starvation in the wild type in a PROTEIN1-dependent manner and in the sigB mutant probably via PROTEIN2.",LLL.d24.s0,sigma(B),sigma(H)
130,LLL.d24,False,"Furthermore, PROTEIN1 and PROTEIN2 seemed to be induced after phosphate starvation in the wild type in a sigma(B)-dependent manner and in the sigB mutant probably via sigma(H).",LLL.d24.s0,YtxH,YvyD
131,LLL.d25,True,"The expression of the PROTEIN2 operon was induced by the presence of isoleucine or valine in the growth medium and depended upon the presence of the sigma factor PROTEIN1, a member of the sigma 54 family.",LLL.d25.s0,SigL,bkd
132,LLL.d26,True,"From these results we conclude that PROTEIN1 negatively regulates degR expression by preventing PROTEIN2-driven transcription of degR, possibly through interaction with the control region.",LLL.d26.s0,ComK,sigmaD
133,LLL.d26,True,"From these results we conclude that PROTEIN1 negatively regulates PROTEIN2 expression by preventing sigmaD-driven transcription of PROTEIN2, possibly through interaction with the control region.",LLL.d26.s0,ComK,degR
134,LLL.d26,True,"From these results we conclude that PROTEIN1 negatively regulates PROTEIN2 expression by preventing sigmaD-driven transcription of PROTEIN2, possibly through interaction with the control region.",LLL.d26.s0,ComK,degR
135,LLL.d26,True,"From these results we conclude that ComK negatively regulates PROTEIN2 expression by preventing PROTEIN1-driven transcription of PROTEIN2, possibly through interaction with the control region.",LLL.d26.s0,sigmaD,degR
136,LLL.d26,False,"From these results we conclude that ComK negatively regulates PROTEIN2 expression by preventing PROTEIN1-driven transcription of PROTEIN2, possibly through interaction with the control region.",LLL.d26.s0,sigmaD,degR
137,LLL.d26,False,"From these results we conclude that ComK negatively regulates PROTEIN2EIN1 expression by preventing sigmaD-driven transcription of PROTEIN2EIN1, possibly through interaction with the control region.",LLL.d26.s0,degR,degR
138,LLL.d26,True,"We have shown previously that the transcription of PROTEIN2 is driven by an alternative sigma factor, PROTEIN1.",LLL.d26.s1,sigmaD,degR
139,LLL.d27,True,"DNase I footprinting showed that PROTEIN1 binds strongly to two sites in the PROTEIN2 promoter region, binds weakly to one site in the cotX promoter, and does not bind specifically to cotB.",LLL.d27.s0,SpoIIID,cotC
140,LLL.d27,True,"DNase I footprinting showed that PROTEIN1 binds strongly to two sites in the cotC promoter region, binds weakly to one site in the PROTEIN2 promoter, and does not bind specifically to cotB.",LLL.d27.s0,SpoIIID,cotX
141,LLL.d27,True,"DNase I footprinting showed that PROTEIN1 binds strongly to two sites in the cotC promoter region, binds weakly to one site in the cotX promoter, and does not bind specifically to PROTEIN2.",LLL.d27.s0,SpoIIID,cotB
142,LLL.d27,False,"DNase I footprinting showed that SpoIIID binds strongly to two sites in the PROTEIN1 promoter region, binds weakly to one site in the PROTEIN2 promoter, and does not bind specifically to cotB.",LLL.d27.s0,cotC,cotX
143,LLL.d27,False,"DNase I footprinting showed that SpoIIID binds strongly to two sites in the PROTEIN1 promoter region, binds weakly to one site in the cotX promoter, and does not bind specifically to PROTEIN2.",LLL.d27.s0,cotC,cotB
144,LLL.d27,False,"DNase I footprinting showed that SpoIIID binds strongly to two sites in the cotC promoter region, binds weakly to one site in the PROTEIN1 promoter, and does not bind specifically to PROTEIN2.",LLL.d27.s0,cotX,cotB
145,LLL.d27,True,"Transcription of the PROTEIN2, cotC, and cotX genes by final PROTEIN1 RNA polymerase is activated by a small, DNA-binding protein called GerE.",LLL.d27.s1,sigma(K),cotB
146,LLL.d27,True,"Transcription of the cotB, PROTEIN2, and cotX genes by final PROTEIN1 RNA polymerase is activated by a small, DNA-binding protein called GerE.",LLL.d27.s1,sigma(K),cotC
147,LLL.d27,True,"Transcription of the cotB, cotC, and PROTEIN2 genes by final PROTEIN1 RNA polymerase is activated by a small, DNA-binding protein called GerE.",LLL.d27.s1,sigma(K),cotX
148,LLL.d27,True,"Transcription of the PROTEIN2, cotC, and cotX genes by final sigma(K) RNA polymerase is activated by a small, DNA-binding protein called PROTEIN1.",LLL.d27.s1,GerE,cotB
149,LLL.d27,True,"Transcription of the cotB, PROTEIN2, and cotX genes by final sigma(K) RNA polymerase is activated by a small, DNA-binding protein called PROTEIN1.",LLL.d27.s1,GerE,cotC
150,LLL.d27,True,"Transcription of the cotB, cotC, and PROTEIN2 genes by final sigma(K) RNA polymerase is activated by a small, DNA-binding protein called PROTEIN1.",LLL.d27.s1,GerE,cotX
151,LLL.d27,False,"Transcription of the cotB, cotC, and cotX genes by final PROTEIN1 RNA polymerase is activated by a small, DNA-binding protein called PROTEIN2.",LLL.d27.s1,sigma(K),GerE
152,LLL.d27,False,"Transcription of the PROTEIN1, PROTEIN2, and cotX genes by final sigma(K) RNA polymerase is activated by a small, DNA-binding protein called GerE.",LLL.d27.s1,cotB,cotC
153,LLL.d27,False,"Transcription of the PROTEIN1, cotC, and PROTEIN2 genes by final sigma(K) RNA polymerase is activated by a small, DNA-binding protein called GerE.",LLL.d27.s1,cotB,cotX
154,LLL.d27,False,"Transcription of the cotB, PROTEIN1, and PROTEIN2 genes by final sigma(K) RNA polymerase is activated by a small, DNA-binding protein called GerE.",LLL.d27.s1,cotC,cotX
155,LLL.d27,True,"In vitro transcription experiments suggest that the differential pattern of PROTEIN2 gene expression results from the combined action of PROTEIN1 and another transcription factor, SpoIIID.",LLL.d27.s2,GerE,cot
156,LLL.d27,True,"In vitro transcription experiments suggest that the differential pattern of PROTEIN2 gene expression results from the combined action of GerE and another transcription factor, PROTEIN1.",LLL.d27.s2,SpoIIID,cot
157,LLL.d27,False,"In vitro transcription experiments suggest that the differential pattern of cot gene expression results from the combined action of PROTEIN1 and another transcription factor, PROTEIN2.",LLL.d27.s2,GerE,SpoIIID
158,LLL.d27,True,"A low concentration of PROTEIN1 activated cotB transcription by final PROTEIN2 RNA polymerase, whereas a higher concentration was needed to activate transcription of cotX or cotC.",LLL.d27.s3,GerE,sigma(K)
159,LLL.d27,True,"A low concentration of PROTEIN1 activated PROTEIN2 transcription by final sigma(K) RNA polymerase, whereas a higher concentration was needed to activate transcription of cotX or cotC.",LLL.d27.s3,GerE,cotB
160,LLL.d27,True,"A low concentration of PROTEIN1 activated cotB transcription by final sigma(K) RNA polymerase, whereas a higher concentration was needed to activate transcription of PROTEIN2 or cotC.",LLL.d27.s3,GerE,cotX
161,LLL.d27,True,"A low concentration of PROTEIN1 activated cotB transcription by final sigma(K) RNA polymerase, whereas a higher concentration was needed to activate transcription of cotX or PROTEIN2.",LLL.d27.s3,GerE,cotC
162,LLL.d27,True,"A low concentration of GerE activated PROTEIN2 transcription by final PROTEIN1 RNA polymerase, whereas a higher concentration was needed to activate transcription of cotX or cotC.",LLL.d27.s3,sigma(K),cotB
163,LLL.d27,False,"A low concentration of GerE activated cotB transcription by final PROTEIN1 RNA polymerase, whereas a higher concentration was needed to activate transcription of PROTEIN2 or cotC.",LLL.d27.s3,sigma(K),cotX
164,LLL.d27,False,"A low concentration of GerE activated cotB transcription by final PROTEIN1 RNA polymerase, whereas a higher concentration was needed to activate transcription of cotX or PROTEIN2.",LLL.d27.s3,sigma(K),cotC
165,LLL.d27,False,"A low concentration of GerE activated PROTEIN1 transcription by final sigma(K) RNA polymerase, whereas a higher concentration was needed to activate transcription of PROTEIN2 or cotC.",LLL.d27.s3,cotB,cotX
166,LLL.d27,False,"A low concentration of GerE activated PROTEIN1 transcription by final sigma(K) RNA polymerase, whereas a higher concentration was needed to activate transcription of cotX or PROTEIN2.",LLL.d27.s3,cotB,cotC
167,LLL.d27,False,"A low concentration of GerE activated cotB transcription by final sigma(K) RNA polymerase, whereas a higher concentration was needed to activate transcription of PROTEIN1 or PROTEIN2.",LLL.d27.s3,cotX,cotC
168,LLL.d27,True,"PROTEIN1 at low concentration repressed PROTEIN2 transcription, whereas a higher concentration only partially repressed cotX transcription and had little effect on cotB transcription.",LLL.d27.s4,SpoIIID,cotC
169,LLL.d27,True,"PROTEIN1 at low concentration repressed cotC transcription, whereas a higher concentration only partially repressed PROTEIN2 transcription and had little effect on cotB transcription.",LLL.d27.s4,SpoIIID,cotX
170,LLL.d27,True,"PROTEIN1 at low concentration repressed cotC transcription, whereas a higher concentration only partially repressed cotX transcription and had little effect on PROTEIN2 transcription.",LLL.d27.s4,SpoIIID,cotB
171,LLL.d27,False,"SpoIIID at low concentration repressed PROTEIN1 transcription, whereas a higher concentration only partially repressed PROTEIN2 transcription and had little effect on cotB transcription.",LLL.d27.s4,cotC,cotX
172,LLL.d27,False,"SpoIIID at low concentration repressed PROTEIN1 transcription, whereas a higher concentration only partially repressed cotX transcription and had little effect on PROTEIN2 transcription.",LLL.d27.s4,cotC,cotB
173,LLL.d27,False,"SpoIIID at low concentration repressed cotC transcription, whereas a higher concentration only partially repressed PROTEIN1 transcription and had little effect on PROTEIN2 transcription.",LLL.d27.s4,cotX,cotB
174,LLL.d29,True,"A PROTEIN1-dependent promoter (PW) precedes PROTEIN2, demonstrating that this transcription factor is positively autoregulated.",LLL.d29.s0,sigmaW,sigW
175,LLL.d31,True,The results indicate that PROTEIN1 is sufficient to repress the transcription of the PROTEIN2 and tagD promoters and also to activate the transcription of the tuaA promoter.,LLL.d31.s0,PhoP~P,tagA
176,LLL.d31,True,The results indicate that PROTEIN1 is sufficient to repress the transcription of the tagA and PROTEIN2 promoters and also to activate the transcription of the tuaA promoter.,LLL.d31.s0,PhoP~P,tagD
177,LLL.d31,True,The results indicate that PROTEIN1 is sufficient to repress the transcription of the tagA and tagD promoters and also to activate the transcription of the PROTEIN2 promoter.,LLL.d31.s0,PhoP~P,tuaA
178,LLL.d31,False,The results indicate that PhoP~P is sufficient to repress the transcription of the PROTEIN1 and PROTEIN2 promoters and also to activate the transcription of the tuaA promoter.,LLL.d31.s0,tagA,tagD
179,LLL.d31,False,The results indicate that PhoP~P is sufficient to repress the transcription of the PROTEIN1 and tagD promoters and also to activate the transcription of the PROTEIN2 promoter.,LLL.d31.s0,tagA,tuaA
180,LLL.d31,False,The results indicate that PhoP~P is sufficient to repress the transcription of the tagA and PROTEIN1 promoters and also to activate the transcription of the PROTEIN2 promoter.,LLL.d31.s0,tagD,tuaA
181,LLL.d32,True,"Transcriptional studies demonstrated that the expression from the PROTEIN2 promoter is induced by L-arabinose, repressed by glucose, and negatively regulated by PROTEIN1.",LLL.d32.s0,AraR,araE
182,LLL.d33,True,"During endospore formation in Bacillus subtilis, the DNA binding protein PROTEIN1 stimulates transcription from several promoters that are used by RNA polymerase containing PROTEIN2",LLL.d33.s0,GerE,sigmaK
183,LLL.d33,True,"PROTEIN1 binds to a site on one of these promoters, PROTEIN2, that overlaps its -35 region.",LLL.d33.s1,GerE,cotX
184,LLL.d36,True,"The PROTEIN1-dependent promoter drives expression of PROTEIN2 under stress conditions and after glucose starvation, whereas a sigmaH-dependent promoter is responsible for PROTEIN2 transcription following amino acid limitation.",LLL.d36.s0,sigmaB,yvyD
185,LLL.d36,True,"The sigmaB-dependent promoter drives expression of PROTEIN2 under stress conditions and after glucose starvation, whereas a PROTEIN1-dependent promoter is responsible for PROTEIN2 transcription following amino acid limitation.",LLL.d36.s0,sigmaH,yvyD
186,LLL.d36,False,"The PROTEIN1-dependent promoter drives expression of yvyD under stress conditions and after glucose starvation, whereas a PROTEIN2-dependent promoter is responsible for yvyD transcription following amino acid limitation.",LLL.d36.s0,sigmaB,sigmaH
187,LLL.d36,False,"The PROTEIN1-dependent promoter drives expression of PROTEIN2 under stress conditions and after glucose starvation, whereas a sigmaH-dependent promoter is responsible for PROTEIN2 transcription following amino acid limitation.",LLL.d36.s0,sigmaB,yvyD
188,LLL.d36,False,"The sigmaB-dependent promoter drives expression of PROTEIN2 under stress conditions and after glucose starvation, whereas a PROTEIN1-dependent promoter is responsible for PROTEIN2 transcription following amino acid limitation.",LLL.d36.s0,sigmaH,yvyD
189,LLL.d36,False,"The sigmaB-dependent promoter drives expression of PROTEIN2EIN1 under stress conditions and after glucose starvation, whereas a sigmaH-dependent promoter is responsible for PROTEIN2EIN1 transcription following amino acid limitation.",LLL.d36.s0,yvyD,yvyD
190,LLL.d36,True,"This indicates that the PROTEIN2 gene product, being a member of both the PROTEIN1 and sigmaH regulons, might negatively regulate the activity of the sigmaL regulon.",LLL.d36.s1,sigmaB,yvyD
191,LLL.d36,True,"This indicates that the PROTEIN2 gene product, being a member of both the sigmaB and PROTEIN1 regulons, might negatively regulate the activity of the sigmaL regulon.",LLL.d36.s1,sigmaH,yvyD
192,LLL.d36,True,"This indicates that the PROTEIN1 gene product, being a member of both the sigmaB and sigmaH regulons, might negatively regulate the activity of the PROTEIN2 regulon.",LLL.d36.s1,yvyD,sigmaL
193,LLL.d36,False,"This indicates that the yvyD gene product, being a member of both the PROTEIN1 and PROTEIN2 regulons, might negatively regulate the activity of the sigmaL regulon.",LLL.d36.s1,sigmaB,sigmaH
194,LLL.d36,False,"This indicates that the yvyD gene product, being a member of both the PROTEIN1 and sigmaH regulons, might negatively regulate the activity of the PROTEIN2 regulon.",LLL.d36.s1,sigmaB,sigmaL
195,LLL.d36,False,"This indicates that the yvyD gene product, being a member of both the sigmaB and PROTEIN1 regulons, might negatively regulate the activity of the PROTEIN2 regulon.",LLL.d36.s1,sigmaH,sigmaL
196,LLL.d36,True,"In addition to the typical PROTEIN1-dependent, stress- and starvation-inducible pattern, PROTEIN2 is also induced in response to amino acid depletion.",LLL.d36.s2,sigmaB,yvyD
197,LLL.d39,True,"The addition of PROTEIN1 to in vitro transcription reactions resulted in the stimulation of RNAP holoenzyme activity, but PROTEIN2-RNAP was observed to be more sensitive to PROTEIN1-dependent stimulation than sigmaA-RNAP.",LLL.d39.s0,ClpX,sigmaH
198,LLL.d39,True,"The addition of PROTEIN1 to in vitro transcription reactions resulted in the stimulation of RNAP holoenzyme activity, but sigmaH-RNAP was observed to be more sensitive to PROTEIN1-dependent stimulation tPROTEIN2gmaA-RNAP.",LLL.d39.s0,ClpX,sigmaA
199,LLL.d39,True,"The addition of PROTEIN1 to in vitro transcription reactions resulted in the stimulation of RNAP holoenzyme activity, but PROTEIN2-RNAP was observed to be more sensitive to PROTEIN1-dependent stimulation than sigmaA-RNAP.",LLL.d39.s0,ClpX,sigmaH
200,LLL.d39,True,"The addition of PROTEIN1 to in vitro transcription reactions resulted in the stimulation of RNAP holoenzyme activity, but sigmaH-RNAP was observed to be more sensitive to PROTEIN1-dependent stimulation tPROTEIN2gmaA-RNAP.",LLL.d39.s0,ClpX,sigmaA
201,LLL.d39,False,"The addition of PROTPROTEIN2 to in vitro transcription reactions resulted in the stimulation of RNAP holoenzyme activity, but sigmaH-RNAP was observed to be more sensitive to PROTPROTEIN2-dependent stimulation than sigmaA-RNAP.",LLL.d39.s0,ClpX,ClpX
202,LLL.d39,False,"The addition of ClpX to in vitro transcription reactions resulted in the stimulation of RNAP holoenzyme activity, but PROTEIN1-RNAP was observed to be more sensitive to ClpX-dependent stimulation than PROTEIN2-RNAP.",LLL.d39.s0,sigmaH,sigmaA
203,LLL.d40,True,"Although PROTEIN2 is transcriptionally regulated by the key regulatory device that controls sporulation initiation, the PROTEIN1 phosphorelay, there is considerable evidence implicating a mechanism of post-translational control that governs the activity and concentration of sigmaH.",LLL.d40.s0,Spo0,spo0H
204,LLL.d41,True,"The class includes AsiA form bacteriophage T4, which inhibits Escherichia coli sigma 70; FlgM, present in both gram-positive and gram-negative bacteria, which inhibits the flagella sigma factor sigma 28; PROTEIN1, which inhibits the sporulation-specific sigma factor, PROTEIN2 and sigma G, of Bacillus subtilis; RbsW of B. subtilis, which inhibits stress response sigma factor sigma B; and DnaK, a general regulator of the heat shock response, which in bacteria inhibits the heat shock sigma factor sigma 32.",LLL.d41.s0,SpoIIAB,sigma F
205,LLL.d41,True,"The class includes AsiA form bacteriophage T4, which inhibits Escherichia coli sigma 70; FlgM, present in both gram-positive and gram-negative bacteria, which inhibits the flagella sigma factor sigma 28; PROTEIN1, which inhibits the sporulation-specific sigma factor, sigma F and PROTEIN2, of Bacillus subtilis; RbsW of B. subtilis, which inhibits stress response sigma factor sigma B; and DnaK, a general regulator of the heat shock response, which in bacteria inhibits the heat shock sigma factor sigma 32.",LLL.d41.s0,SpoIIAB,sigma G
206,LLL.d41,True,"The class includes AsiA form bacteriophage T4, which inhibits Escherichia coli sigma 70; PROTEIN1, present in both gram-positive and gram-negative bacteria, which inhibits the flagella sigma factor PROTEIN2; SpoIIAB, which inhibits the sporulation-specific sigma factor, sigma F and sigma G, of Bacillus subtilis; RbsW of B. subtilis, which inhibits stress response sigma factor sigma B; and DnaK, a general regulator of the heat shock response, which in bacteria inhibits the heat shock sigma factor sigma 32.",LLL.d41.s0,FlgM,sigma 28
207,LLL.d41,True,"The class includes AsiA form bacteriophage T4, which inhibits Escherichia coli sigma 70; FlgM, present in both gram-positive and gram-negative bacteria, which inhibits the flagella sigma factor sigma 28; SpoIIAB, which inhibits the sporulation-specific sigma factor, sigma F and sigma G, of Bacillus subtilis; PROTEIN1 of B. subtilis, which inhibits stress response sigma factor PROTEIN2; and DnaK, a general regulator of the heat shock response, which in bacteria inhibits the heat shock sigma factor sigma 32.",LLL.d41.s0,RbsW,sigma B
208,LLL.d41,True,"The class includes AsiA form bacteriophage T4, which inhibits Escherichia coli sigma 70; FlgM, present in both gram-positive and gram-negative bacteria, which inhibits the flagella sigma factor sigma 28; SpoIIAB, which inhibits the sporulation-specific sigma factor, sigma F and sigma G, of Bacillus subtilis; RbsW of B. subtilis, which inhibits stress response sigma factor sigma B; and PROTEIN1, a general regulator of the heat shock response, which in bacteria inhibits the heat shock sigma factor PROTEIN2.",LLL.d41.s0,DnaK,sigma 32
209,LLL.d41,False,"The class includes AsiA form bacteriophage T4, which inhibits Escherichia coli sigma 70; PROTEIN2, present in both gram-positive and gram-negative bacteria, which inhibits the flagella sigma factor sigma 28; PROTEIN1, which inhibits the sporulation-specific sigma factor, sigma F and sigma G, of Bacillus subtilis; RbsW of B. subtilis, which inhibits stress response sigma factor sigma B; and DnaK, a general regulator of the heat shock response, which in bacteria inhibits the heat shock sigma factor sigma 32.",LLL.d41.s0,SpoIIAB,FlgM
210,LLL.d41,False,"The class includes AsiA form bacteriophage T4, which inhibits Escherichia coli sigma 70; FlgM, present in both gram-positive and gram-negative bacteria, which inhibits the flagella sigma factor sigma 28; PROTEIN1, which inhibits the sporulation-specific sigma factor, sigma F and sigma G, of Bacillus subtilis; PROTEIN2 of B. subtilis, which inhibits stress response sigma factor sigma B; and DnaK, a general regulator of the heat shock response, which in bacteria inhibits the heat shock sigma factor sigma 32.",LLL.d41.s0,SpoIIAB,RbsW
211,LLL.d41,False,"The class includes AsiA form bacteriophage T4, which inhibits Escherichia coli sigma 70; FlgM, present in both gram-positive and gram-negative bacteria, which inhibits the flagella sigma factor sigma 28; PROTEIN1, which inhibits the sporulation-specific sigma factor, sigma F and sigma G, of Bacillus subtilis; RbsW of B. subtilis, which inhibits stress response sigma factor sigma B; and PROTEIN2, a general regulator of the heat shock response, which in bacteria inhibits the heat shock sigma factor sigma 32.",LLL.d41.s0,SpoIIAB,DnaK
212,LLL.d41,False,"The class includes AsiA form bacteriophage T4, which inhibits Escherichia coli sigma 70; FlgM, present in both gram-positive and gram-negative bacteria, which inhibits the flagella sigma factor PROTEIN2; PROTEIN1, which inhibits the sporulation-specific sigma factor, sigma F and sigma G, of Bacillus subtilis; RbsW of B. subtilis, which inhibits stress response sigma factor sigma B; and DnaK, a general regulator of the heat shock response, which in bacteria inhibits the heat shock sigma factor sigma 32.",LLL.d41.s0,SpoIIAB,sigma 28
213,LLL.d41,False,"The class includes AsiA form bacteriophage T4, which inhibits Escherichia coli sigma 70; FlgM, present in both gram-positive and gram-negative bacteria, which inhibits the flagella sigma factor sigma 28; PROTEIN1, which inhibits the sporulation-specific sigma factor, sigma F and sigma G, of Bacillus subtilis; RbsW of B. subtilis, which inhibits stress response sigma factor PROTEIN2; and DnaK, a general regulator of the heat shock response, which in bacteria inhibits the heat shock sigma factor sigma 32.",LLL.d41.s0,SpoIIAB,sigma B
214,LLL.d41,False,"The class includes AsiA form bacteriophage T4, which inhibits Escherichia coli sigma 70; FlgM, present in both gram-positive and gram-negative bacteria, which inhibits the flagella sigma factor sigma 28; PROTEIN1, which inhibits the sporulation-specific sigma factor, sigma F and sigma G, of Bacillus subtilis; RbsW of B. subtilis, which inhibits stress response sigma factor sigma B; and DnaK, a general regulator of the heat shock response, which in bacteria inhibits the heat shock sigma factor PROTEIN2.",LLL.d41.s0,SpoIIAB,sigma 32
215,LLL.d41,False,"The class includes AsiA form bacteriophage T4, which inhibits Escherichia coli sigma 70; PROTEIN1, present in both gram-positive and gram-negative bacteria, which inhibits the flagella sigma factor sigma 28; SpoIIAB, which inhibits the sporulation-specific sigma factor, sigma F and sigma G, of Bacillus subtilis; PROTEIN2 of B. subtilis, which inhibits stress response sigma factor sigma B; and DnaK, a general regulator of the heat shock response, which in bacteria inhibits the heat shock sigma factor sigma 32.",LLL.d41.s0,FlgM,RbsW
216,LLL.d41,False,"The class includes AsiA form bacteriophage T4, which inhibits Escherichia coli sigma 70; PROTEIN1, present in both gram-positive and gram-negative bacteria, which inhibits the flagella sigma factor sigma 28; SpoIIAB, which inhibits the sporulation-specific sigma factor, sigma F and sigma G, of Bacillus subtilis; RbsW of B. subtilis, which inhibits stress response sigma factor sigma B; and PROTEIN2, a general regulator of the heat shock response, which in bacteria inhibits the heat shock sigma factor sigma 32.",LLL.d41.s0,FlgM,DnaK
217,LLL.d41,False,"The class includes AsiA form bacteriophage T4, which inhibits Escherichia coli sigma 70; PROTEIN1, present in both gram-positive and gram-negative bacteria, which inhibits the flagella sigma factor sigma 28; SpoIIAB, which inhibits the sporulation-specific sigma factor, PROTEIN2 and sigma G, of Bacillus subtilis; RbsW of B. subtilis, which inhibits stress response sigma factor sigma B; and DnaK, a general regulator of the heat shock response, which in bacteria inhibits the heat shock sigma factor sigma 32.",LLL.d41.s0,FlgM,sigma F
218,LLL.d41,False,"The class includes AsiA form bacteriophage T4, which inhibits Escherichia coli sigma 70; PROTEIN1, present in both gram-positive and gram-negative bacteria, which inhibits the flagella sigma factor sigma 28; SpoIIAB, which inhibits the sporulation-specific sigma factor, sigma F and PROTEIN2, of Bacillus subtilis; RbsW of B. subtilis, which inhibits stress response sigma factor sigma B; and DnaK, a general regulator of the heat shock response, which in bacteria inhibits the heat shock sigma factor sigma 32.",LLL.d41.s0,FlgM,sigma G
219,LLL.d41,False,"The class includes AsiA form bacteriophage T4, which inhibits Escherichia coli sigma 70; PROTEIN1, present in both gram-positive and gram-negative bacteria, which inhibits the flagella sigma factor sigma 28; SpoIIAB, which inhibits the sporulation-specific sigma factor, sigma F and sigma G, of Bacillus subtilis; RbsW of B. subtilis, which inhibits stress response sigma factor PROTEIN2; and DnaK, a general regulator of the heat shock response, which in bacteria inhibits the heat shock sigma factor sigma 32.",LLL.d41.s0,FlgM,sigma B
220,LLL.d41,False,"The class includes AsiA form bacteriophage T4, which inhibits Escherichia coli sigma 70; PROTEIN1, present in both gram-positive and gram-negative bacteria, which inhibits the flagella sigma factor sigma 28; SpoIIAB, which inhibits the sporulation-specific sigma factor, sigma F and sigma G, of Bacillus subtilis; RbsW of B. subtilis, which inhibits stress response sigma factor sigma B; and DnaK, a general regulator of the heat shock response, which in bacteria inhibits the heat shock sigma factor PROTEIN2.",LLL.d41.s0,FlgM,sigma 32
221,LLL.d41,False,"The class includes AsiA form bacteriophage T4, which inhibits Escherichia coli sigma 70; FlgM, present in both gram-positive and gram-negative bacteria, which inhibits the flagella sigma factor sigma 28; SpoIIAB, which inhibits the sporulation-specific sigma factor, sigma F and sigma G, of Bacillus subtilis; PROTEIN1 of B. subtilis, which inhibits stress response sigma factor sigma B; and PROTEIN2, a general regulator of the heat shock response, which in bacteria inhibits the heat shock sigma factor sigma 32.",LLL.d41.s0,RbsW,DnaK
222,LLL.d41,False,"The class includes AsiA form bacteriophage T4, which inhibits Escherichia coli sigma 70; FlgM, present in both gram-positive and gram-negative bacteria, which inhibits the flagella sigma factor sigma 28; SpoIIAB, which inhibits the sporulation-specific sigma factor, PROTEIN2 and sigma G, of Bacillus subtilis; PROTEIN1 of B. subtilis, which inhibits stress response sigma factor sigma B; and DnaK, a general regulator of the heat shock response, which in bacteria inhibits the heat shock sigma factor sigma 32.",LLL.d41.s0,RbsW,sigma F
223,LLL.d41,False,"The class includes AsiA form bacteriophage T4, which inhibits Escherichia coli sigma 70; FlgM, present in both gram-positive and gram-negative bacteria, which inhibits the flagella sigma factor sigma 28; SpoIIAB, which inhibits the sporulation-specific sigma factor, sigma F and PROTEIN2, of Bacillus subtilis; PROTEIN1 of B. subtilis, which inhibits stress response sigma factor sigma B; and DnaK, a general regulator of the heat shock response, which in bacteria inhibits the heat shock sigma factor sigma 32.",LLL.d41.s0,RbsW,sigma G
224,LLL.d41,False,"The class includes AsiA form bacteriophage T4, which inhibits Escherichia coli sigma 70; FlgM, present in both gram-positive and gram-negative bacteria, which inhibits the flagella sigma factor PROTEIN2; SpoIIAB, which inhibits the sporulation-specific sigma factor, sigma F and sigma G, of Bacillus subtilis; PROTEIN1 of B. subtilis, which inhibits stress response sigma factor sigma B; and DnaK, a general regulator of the heat shock response, which in bacteria inhibits the heat shock sigma factor sigma 32.",LLL.d41.s0,RbsW,sigma 28
225,LLL.d41,False,"The class includes AsiA form bacteriophage T4, which inhibits Escherichia coli sigma 70; FlgM, present in both gram-positive and gram-negative bacteria, which inhibits the flagella sigma factor sigma 28; SpoIIAB, which inhibits the sporulation-specific sigma factor, sigma F and sigma G, of Bacillus subtilis; PROTEIN1 of B. subtilis, which inhibits stress response sigma factor sigma B; and DnaK, a general regulator of the heat shock response, which in bacteria inhibits the heat shock sigma factor PROTEIN2.",LLL.d41.s0,RbsW,sigma 32
226,LLL.d41,False,"The class includes AsiA form bacteriophage T4, which inhibits Escherichia coli sigma 70; FlgM, present in both gram-positive and gram-negative bacteria, which inhibits the flagella sigma factor sigma 28; SpoIIAB, which inhibits the sporulation-specific sigma factor, PROTEIN2 and sigma G, of Bacillus subtilis; RbsW of B. subtilis, which inhibits stress response sigma factor sigma B; and PROTEIN1, a general regulator of the heat shock response, which in bacteria inhibits the heat shock sigma factor sigma 32.",LLL.d41.s0,DnaK,sigma F
227,LLL.d41,False,"The class includes AsiA form bacteriophage T4, which inhibits Escherichia coli sigma 70; FlgM, present in both gram-positive and gram-negative bacteria, which inhibits the flagella sigma factor sigma 28; SpoIIAB, which inhibits the sporulation-specific sigma factor, sigma F and PROTEIN2, of Bacillus subtilis; RbsW of B. subtilis, which inhibits stress response sigma factor sigma B; and PROTEIN1, a general regulator of the heat shock response, which in bacteria inhibits the heat shock sigma factor sigma 32.",LLL.d41.s0,DnaK,sigma G
228,LLL.d41,False,"The class includes AsiA form bacteriophage T4, which inhibits Escherichia coli sigma 70; FlgM, present in both gram-positive and gram-negative bacteria, which inhibits the flagella sigma factor PROTEIN2; SpoIIAB, which inhibits the sporulation-specific sigma factor, sigma F and sigma G, of Bacillus subtilis; RbsW of B. subtilis, which inhibits stress response sigma factor sigma B; and PROTEIN1, a general regulator of the heat shock response, which in bacteria inhibits the heat shock sigma factor sigma 32.",LLL.d41.s0,DnaK,sigma 28
229,LLL.d41,False,"The class includes AsiA form bacteriophage T4, which inhibits Escherichia coli sigma 70; FlgM, present in both gram-positive and gram-negative bacteria, which inhibits the flagella sigma factor sigma 28; SpoIIAB, which inhibits the sporulation-specific sigma factor, sigma F and sigma G, of Bacillus subtilis; RbsW of B. subtilis, which inhibits stress response sigma factor PROTEIN2; and PROTEIN1, a general regulator of the heat shock response, which in bacteria inhibits the heat shock sigma factor sigma 32.",LLL.d41.s0,DnaK,sigma B
230,LLL.d41,False,"The class includes AsiA form bacteriophage T4, which inhibits Escherichia coli sigma 70; FlgM, present in both gram-positive and gram-negative bacteria, which inhibits the flagella sigma factor sigma 28; SpoIIAB, which inhibits the sporulation-specific sigma factor, PROTEIN1 and PROTEIN2, of Bacillus subtilis; RbsW of B. subtilis, which inhibits stress response sigma factor sigma B; and DnaK, a general regulator of the heat shock response, which in bacteria inhibits the heat shock sigma factor sigma 32.",LLL.d41.s0,sigma F,sigma G
231,LLL.d41,False,"The class includes AsiA form bacteriophage T4, which inhibits Escherichia coli sigma 70; FlgM, present in both gram-positive and gram-negative bacteria, which inhibits the flagella sigma factor PROTEIN2; SpoIIAB, which inhibits the sporulation-specific sigma factor, PROTEIN1 and sigma G, of Bacillus subtilis; RbsW of B. subtilis, which inhibits stress response sigma factor sigma B; and DnaK, a general regulator of the heat shock response, which in bacteria inhibits the heat shock sigma factor sigma 32.",LLL.d41.s0,sigma F,sigma 28
232,LLL.d41,False,"The class includes AsiA form bacteriophage T4, which inhibits Escherichia coli sigma 70; FlgM, present in both gram-positive and gram-negative bacteria, which inhibits the flagella sigma factor sigma 28; SpoIIAB, which inhibits the sporulation-specific sigma factor, PROTEIN1 and sigma G, of Bacillus subtilis; RbsW of B. subtilis, which inhibits stress response sigma factor PROTEIN2; and DnaK, a general regulator of the heat shock response, which in bacteria inhibits the heat shock sigma factor sigma 32.",LLL.d41.s0,sigma F,sigma B
233,LLL.d41,False,"The class includes AsiA form bacteriophage T4, which inhibits Escherichia coli sigma 70; FlgM, present in both gram-positive and gram-negative bacteria, which inhibits the flagella sigma factor sigma 28; SpoIIAB, which inhibits the sporulation-specific sigma factor, PROTEIN1 and sigma G, of Bacillus subtilis; RbsW of B. subtilis, which inhibits stress response sigma factor sigma B; and DnaK, a general regulator of the heat shock response, which in bacteria inhibits the heat shock sigma factor PROTEIN2.",LLL.d41.s0,sigma F,sigma 32
234,LLL.d41,False,"The class includes AsiA form bacteriophage T4, which inhibits Escherichia coli sigma 70; FlgM, present in both gram-positive and gram-negative bacteria, which inhibits the flagella sigma factor PROTEIN2; SpoIIAB, which inhibits the sporulation-specific sigma factor, sigma F and PROTEIN1, of Bacillus subtilis; RbsW of B. subtilis, which inhibits stress response sigma factor sigma B; and DnaK, a general regulator of the heat shock response, which in bacteria inhibits the heat shock sigma factor sigma 32.",LLL.d41.s0,sigma G,sigma 28
235,LLL.d41,False,"The class includes AsiA form bacteriophage T4, which inhibits Escherichia coli sigma 70; FlgM, present in both gram-positive and gram-negative bacteria, which inhibits the flagella sigma factor sigma 28; SpoIIAB, which inhibits the sporulation-specific sigma factor, sigma F and PROTEIN1, of Bacillus subtilis; RbsW of B. subtilis, which inhibits stress response sigma factor PROTEIN2; and DnaK, a general regulator of the heat shock response, which in bacteria inhibits the heat shock sigma factor sigma 32.",LLL.d41.s0,sigma G,sigma B
236,LLL.d41,False,"The class includes AsiA form bacteriophage T4, which inhibits Escherichia coli sigma 70; FlgM, present in both gram-positive and gram-negative bacteria, which inhibits the flagella sigma factor sigma 28; SpoIIAB, which inhibits the sporulation-specific sigma factor, sigma F and PROTEIN1, of Bacillus subtilis; RbsW of B. subtilis, which inhibits stress response sigma factor sigma B; and DnaK, a general regulator of the heat shock response, which in bacteria inhibits the heat shock sigma factor PROTEIN2.",LLL.d41.s0,sigma G,sigma 32
237,LLL.d41,False,"The class includes AsiA form bacteriophage T4, which inhibits Escherichia coli sigma 70; FlgM, present in both gram-positive and gram-negative bacteria, which inhibits the flagella sigma factor PROTEIN1; SpoIIAB, which inhibits the sporulation-specific sigma factor, sigma F and sigma G, of Bacillus subtilis; RbsW of B. subtilis, which inhibits stress response sigma factor PROTEIN2; and DnaK, a general regulator of the heat shock response, which in bacteria inhibits the heat shock sigma factor sigma 32.",LLL.d41.s0,sigma 28,sigma B
238,LLL.d41,False,"The class includes AsiA form bacteriophage T4, which inhibits Escherichia coli sigma 70; FlgM, present in both gram-positive and gram-negative bacteria, which inhibits the flagella sigma factor PROTEIN1; SpoIIAB, which inhibits the sporulation-specific sigma factor, sigma F and sigma G, of Bacillus subtilis; RbsW of B. subtilis, which inhibits stress response sigma factor sigma B; and DnaK, a general regulator of the heat shock response, which in bacteria inhibits the heat shock sigma factor PROTEIN2.",LLL.d41.s0,sigma 28,sigma 32
239,LLL.d41,False,"The class includes AsiA form bacteriophage T4, which inhibits Escherichia coli sigma 70; FlgM, present in both gram-positive and gram-negative bacteria, which inhibits the flagella sigma factor sigma 28; SpoIIAB, which inhibits the sporulation-specific sigma factor, sigma F and sigma G, of Bacillus subtilis; RbsW of B. subtilis, which inhibits stress response sigma factor PROTEIN1; and DnaK, a general regulator of the heat shock response, which in bacteria inhibits the heat shock sigma factor PROTEIN2.",LLL.d41.s0,sigma B,sigma 32
240,LLL.d42,True,"Finally, we show that proper localization of SpoIVA required the expression of one or more genes which, like PROTEIN2, are under the control of the mother cell transcription factor PROTEIN1.",LLL.d42.s0,sigmaE,spoIVA
241,LLL.d44,True,"The PROTEIN1 regulon includes a penicillin binding protein (PROTEIN2) and a co-transcribed amino acid racemase (RacX), homologues of signal peptide peptidase (YteI), flotillin (YuaG), ABC transporters (YknXYZ), non-haem bromoperoxidase (YdjP), epoxide hydrolase (YfhM) and three small peptides with structural similarities to bacteriocin precursor polypeptides.",LLL.d44.s0,sigma W,PBP4*
242,LLL.d44,True,"The PROTEIN1 regulon includes a penicillin binding protein (PBP4*) and a co-transcribed amino acid racemase (PROTEIN2), homologues of signal peptide peptidase (YteI), flotillin (YuaG), ABC transporters (YknXYZ), non-haem bromoperoxidase (YdjP), epoxide hydrolase (YfhM) and three small peptides with structural similarities to bacteriocin precursor polypeptides.",LLL.d44.s0,sigma W,RacX
243,LLL.d44,True,"The PROTEIN1 regulon includes a penicillin binding protein (PBP4*) and a co-transcribed amino acid racemase (RacX), homologues of signal peptide peptidase (PROTEIN2), flotillin (YuaG), ABC transporters (YknXYZ), non-haem bromoperoxidase (YdjP), epoxide hydrolase (YfhM) and three small peptides with structural similarities to bacteriocin precursor polypeptides.",LLL.d44.s0,sigma W,YteI
244,LLL.d44,True,"The PROTEIN1 regulon includes a penicillin binding protein (PBP4*) and a co-transcribed amino acid racemase (RacX), homologues of signal peptide peptidase (YteI), flotillin (PROTEIN2), ABC transporters (YknXYZ), non-haem bromoperoxidase (YdjP), epoxide hydrolase (YfhM) and three small peptides with structural similarities to bacteriocin precursor polypeptides.",LLL.d44.s0,sigma W,YuaG
245,LLL.d44,True,"The PROTEIN1 regulon includes a penicillin binding protein (PBP4*) and a co-transcribed amino acid racemase (RacX), homologues of signal peptide peptidase (YteI), flotillin (YuaG), ABC transporters (PROTEIN2), non-haem bromoperoxidase (YdjP), epoxide hydrolase (YfhM) and three small peptides with structural similarities to bacteriocin precursor polypeptides.",LLL.d44.s0,sigma W,YknXYZ
246,LLL.d44,True,"The PROTEIN1 regulon includes a penicillin binding protein (PBP4*) and a co-transcribed amino acid racemase (RacX), homologues of signal peptide peptidase (YteI), flotillin (YuaG), ABC transporters (YknXYZ), non-haem bromoperoxidase (PROTEIN2), epoxide hydrolase (YfhM) and three small peptides with structural similarities to bacteriocin precursor polypeptides.",LLL.d44.s0,sigma W,YdjP
247,LLL.d44,True,"The PROTEIN1 regulon includes a penicillin binding protein (PBP4*) and a co-transcribed amino acid racemase (RacX), homologues of signal peptide peptidase (YteI), flotillin (YuaG), ABC transporters (YknXYZ), non-haem bromoperoxidase (YdjP), epoxide hydrolase (PROTEIN2) and three small peptides with structural similarities to bacteriocin precursor polypeptides.",LLL.d44.s0,sigma W,YfhM
248,LLL.d44,False,"The sigma W regulon includes a penicillin binding protein (PROTEIN1) and a co-transcribed amino acid racemase (PROTEIN2), homologues of signal peptide peptidase (YteI), flotillin (YuaG), ABC transporters (YknXYZ), non-haem bromoperoxidase (YdjP), epoxide hydrolase (YfhM) and three small peptides with structural similarities to bacteriocin precursor polypeptides.",LLL.d44.s0,PBP4*,RacX
249,LLL.d44,False,"The sigma W regulon includes a penicillin binding protein (PROTEIN1) and a co-transcribed amino acid racemase (RacX), homologues of signal peptide peptidase (PROTEIN2), flotillin (YuaG), ABC transporters (YknXYZ), non-haem bromoperoxidase (YdjP), epoxide hydrolase (YfhM) and three small peptides with structural similarities to bacteriocin precursor polypeptides.",LLL.d44.s0,PBP4*,YteI
250,LLL.d44,False,"The sigma W regulon includes a penicillin binding protein (PROTEIN1) and a co-transcribed amino acid racemase (RacX), homologues of signal peptide peptidase (YteI), flotillin (PROTEIN2), ABC transporters (YknXYZ), non-haem bromoperoxidase (YdjP), epoxide hydrolase (YfhM) and three small peptides with structural similarities to bacteriocin precursor polypeptides.",LLL.d44.s0,PBP4*,YuaG
251,LLL.d44,False,"The sigma W regulon includes a penicillin binding protein (PROTEIN1) and a co-transcribed amino acid racemase (RacX), homologues of signal peptide peptidase (YteI), flotillin (YuaG), ABC transporters (PROTEIN2), non-haem bromoperoxidase (YdjP), epoxide hydrolase (YfhM) and three small peptides with structural similarities to bacteriocin precursor polypeptides.",LLL.d44.s0,PBP4*,YknXYZ
252,LLL.d44,False,"The sigma W regulon includes a penicillin binding protein (PROTEIN1) and a co-transcribed amino acid racemase (RacX), homologues of signal peptide peptidase (YteI), flotillin (YuaG), ABC transporters (YknXYZ), non-haem bromoperoxidase (PROTEIN2), epoxide hydrolase (YfhM) and three small peptides with structural similarities to bacteriocin precursor polypeptides.",LLL.d44.s0,PBP4*,YdjP
253,LLL.d44,False,"The sigma W regulon includes a penicillin binding protein (PROTEIN1) and a co-transcribed amino acid racemase (RacX), homologues of signal peptide peptidase (YteI), flotillin (YuaG), ABC transporters (YknXYZ), non-haem bromoperoxidase (YdjP), epoxide hydrolase (PROTEIN2) and three small peptides with structural similarities to bacteriocin precursor polypeptides.",LLL.d44.s0,PBP4*,YfhM
254,LLL.d44,False,"The sigma W regulon includes a penicillin binding protein (PBP4*) and a co-transcribed amino acid racemase (PROTEIN1), homologues of signal peptide peptidase (PROTEIN2), flotillin (YuaG), ABC transporters (YknXYZ), non-haem bromoperoxidase (YdjP), epoxide hydrolase (YfhM) and three small peptides with structural similarities to bacteriocin precursor polypeptides.",LLL.d44.s0,RacX,YteI
255,LLL.d44,False,"The sigma W regulon includes a penicillin binding protein (PBP4*) and a co-transcribed amino acid racemase (PROTEIN1), homologues of signal peptide peptidase (YteI), flotillin (PROTEIN2), ABC transporters (YknXYZ), non-haem bromoperoxidase (YdjP), epoxide hydrolase (YfhM) and three small peptides with structural similarities to bacteriocin precursor polypeptides.",LLL.d44.s0,RacX,YuaG
256,LLL.d44,False,"The sigma W regulon includes a penicillin binding protein (PBP4*) and a co-transcribed amino acid racemase (PROTEIN1), homologues of signal peptide peptidase (YteI), flotillin (YuaG), ABC transporters (PROTEIN2), non-haem bromoperoxidase (YdjP), epoxide hydrolase (YfhM) and three small peptides with structural similarities to bacteriocin precursor polypeptides.",LLL.d44.s0,RacX,YknXYZ
257,LLL.d44,False,"The sigma W regulon includes a penicillin binding protein (PBP4*) and a co-transcribed amino acid racemase (PROTEIN1), homologues of signal peptide peptidase (YteI), flotillin (YuaG), ABC transporters (YknXYZ), non-haem bromoperoxidase (PROTEIN2), epoxide hydrolase (YfhM) and three small peptides with structural similarities to bacteriocin precursor polypeptides.",LLL.d44.s0,RacX,YdjP
258,LLL.d44,False,"The sigma W regulon includes a penicillin binding protein (PBP4*) and a co-transcribed amino acid racemase (PROTEIN1), homologues of signal peptide peptidase (YteI), flotillin (YuaG), ABC transporters (YknXYZ), non-haem bromoperoxidase (YdjP), epoxide hydrolase (PROTEIN2) and three small peptides with structural similarities to bacteriocin precursor polypeptides.",LLL.d44.s0,RacX,YfhM
259,LLL.d44,False,"The sigma W regulon includes a penicillin binding protein (PBP4*) and a co-transcribed amino acid racemase (RacX), homologues of signal peptide peptidase (PROTEIN1), flotillin (PROTEIN2), ABC transporters (YknXYZ), non-haem bromoperoxidase (YdjP), epoxide hydrolase (YfhM) and three small peptides with structural similarities to bacteriocin precursor polypeptides.",LLL.d44.s0,YteI,YuaG
260,LLL.d44,False,"The sigma W regulon includes a penicillin binding protein (PBP4*) and a co-transcribed amino acid racemase (RacX), homologues of signal peptide peptidase (PROTEIN1), flotillin (YuaG), ABC transporters (PROTEIN2), non-haem bromoperoxidase (YdjP), epoxide hydrolase (YfhM) and three small peptides with structural similarities to bacteriocin precursor polypeptides.",LLL.d44.s0,YteI,YknXYZ
261,LLL.d44,False,"The sigma W regulon includes a penicillin binding protein (PBP4*) and a co-transcribed amino acid racemase (RacX), homologues of signal peptide peptidase (PROTEIN1), flotillin (YuaG), ABC transporters (YknXYZ), non-haem bromoperoxidase (PROTEIN2), epoxide hydrolase (YfhM) and three small peptides with structural similarities to bacteriocin precursor polypeptides.",LLL.d44.s0,YteI,YdjP
262,LLL.d44,False,"The sigma W regulon includes a penicillin binding protein (PBP4*) and a co-transcribed amino acid racemase (RacX), homologues of signal peptide peptidase (PROTEIN1), flotillin (YuaG), ABC transporters (YknXYZ), non-haem bromoperoxidase (YdjP), epoxide hydrolase (PROTEIN2) and three small peptides with structural similarities to bacteriocin precursor polypeptides.",LLL.d44.s0,YteI,YfhM
263,LLL.d44,False,"The sigma W regulon includes a penicillin binding protein (PBP4*) and a co-transcribed amino acid racemase (RacX), homologues of signal peptide peptidase (YteI), flotillin (PROTEIN1), ABC transporters (PROTEIN2), non-haem bromoperoxidase (YdjP), epoxide hydrolase (YfhM) and three small peptides with structural similarities to bacteriocin precursor polypeptides.",LLL.d44.s0,YuaG,YknXYZ
264,LLL.d44,False,"The sigma W regulon includes a penicillin binding protein (PBP4*) and a co-transcribed amino acid racemase (RacX), homologues of signal peptide peptidase (YteI), flotillin (PROTEIN1), ABC transporters (YknXYZ), non-haem bromoperoxidase (PROTEIN2), epoxide hydrolase (YfhM) and three small peptides with structural similarities to bacteriocin precursor polypeptides.",LLL.d44.s0,YuaG,YdjP
265,LLL.d44,False,"The sigma W regulon includes a penicillin binding protein (PBP4*) and a co-transcribed amino acid racemase (RacX), homologues of signal peptide peptidase (YteI), flotillin (PROTEIN1), ABC transporters (YknXYZ), non-haem bromoperoxidase (YdjP), epoxide hydrolase (PROTEIN2) and three small peptides with structural similarities to bacteriocin precursor polypeptides.",LLL.d44.s0,YuaG,YfhM
266,LLL.d44,False,"The sigma W regulon includes a penicillin binding protein (PBP4*) and a co-transcribed amino acid racemase (RacX), homologues of signal peptide peptidase (YteI), flotillin (YuaG), ABC transporters (PROTEIN1), non-haem bromoperoxidase (PROTEIN2), epoxide hydrolase (YfhM) and three small peptides with structural similarities to bacteriocin precursor polypeptides.",LLL.d44.s0,YknXYZ,YdjP
267,LLL.d44,False,"The sigma W regulon includes a penicillin binding protein (PBP4*) and a co-transcribed amino acid racemase (RacX), homologues of signal peptide peptidase (YteI), flotillin (YuaG), ABC transporters (PROTEIN1), non-haem bromoperoxidase (YdjP), epoxide hydrolase (PROTEIN2) and three small peptides with structural similarities to bacteriocin precursor polypeptides.",LLL.d44.s0,YknXYZ,YfhM
268,LLL.d44,False,"The sigma W regulon includes a penicillin binding protein (PBP4*) and a co-transcribed amino acid racemase (RacX), homologues of signal peptide peptidase (YteI), flotillin (YuaG), ABC transporters (YknXYZ), non-haem bromoperoxidase (PROTEIN1), epoxide hydrolase (PROTEIN2) and three small peptides with structural similarities to bacteriocin precursor polypeptides.",LLL.d44.s0,YdjP,YfhM
